Uuid,Name,Concept Drug,Concept Dosage Form,Description,_version:1,_order:950,Void/Retire
4dd97957-384c-4581-ac14-03c12b8174bb,Dexamethasone-Neomycin eyedrops,Dexamethasone-Neomycin eyedrops,Drops,,,,
49425b66-65da-4e30-b451-e2a1bdfbf593,Tetracycline eye ointment 1% 3.5g,Tetracycline eye ointment 1% 3.5g,Ointment,,,,
2b2e49da-e67b-45d6-af19-dd514cff3ffa,Propofol Injection10mg/ml,Propofol Injection10mg/ml,Injection,,,,
2226e4a7-319c-425c-8fe6-61cfb9160576,Povidone Iodine solution 10%,Povidone Iodine solution 10%,Solution,,,,
ac3fba56-ab0d-4111-923d-34077d30b4ed,Oxytocin Injection 10 IU/ml ampoule,Oxytocin Injection 10 IU/ml ampoule,Injection,,,,
b68e84f7-0659-4f7d-82a9-c5484db8f1c5,MethylATED spirit (Alcohol content 94-96%),MethylATED spirit (Alcohol content 94-96%),Disinfectant,,,,
5906f8b3-c44a-4403-8974-43cdf312a666,Mannitol Bottle 20w/v,Mannitol Bottle 20w/v,Solution,,,,
b31effd5-3637-4bee-8626-f32331e6d254,"Magnesium sulphate Injection 50%, 10ml amp","Magnesium sulphate Injection 50%, 10ml amp",Injection,,,,
27d2e3c1-6d15-4ee5-ac32-6b837c7bc404,LevoFLOXacin 500mg Tablet,LevoFLOXacin 500mg Tablet,Tablet,,,,
3ae0721e-be7b-4b31-aafe-262950c26189,Hyoscine butylbromide INJECTION 20mg/mL,Hyoscine butylbromide INJECTION 20mg/mL,Injection,,,,
adddac68-8ece-481c-bbc5-5b3152fa3272,"HepaRIN Injection5,000 IU/ml, 5ml vial","HepaRIN Injection5,000 IU/ml, 5ml vial",Injection,,,,
717c3387-580a-475b-9d23-05afc81a20a4,"Glucose (dextrose) IV infusion, 10% (hypertonic) 500ml","Glucose (dextrose) IV infusion, 10% (hypertonic) 500ml",Injection,,,,
bc37f851-d8cb-4052-94db-39958db37fe0,"Glucose (dextrose) IV infusion 50%, 50ml","Glucose (dextrose) IV infusion 50%, 50ml",Injection,,,,
bed1eb9a-46ff-4ae0-9884-586e5b3b9c57,Gabapentin Capsule 300mg,Gabapentin Capsule 300mg,Capsule,,,,
cb063107-805f-4a54-948e-dedb3ca48b55,Furosemide INJECTION,Furosemide INJECTION,Injection,,,,
f5b33814-4f1c-4473-b6ca-20b960c32574,FluPHENazine decanoate Injection 25mg/1ml amp,FluPHENazine decanoate Injection 25mg/1ml amp,Injection,,,,
f13b492d-6605-4320-9bc1-38bf4fc961ea,FluPENThixol decanoate 20mg/ml,FluPENThixol decanoate 20mg/ml,Injection,,,,
291810dc-2dc1-45a1-9b09-6e4ddfd61008,FluCLOXacillin Injection  500mg,FluCLOXacillin Injection  500mg,Injection,,,,
0cc4b4e6-c415-4404-8ea1-60cfdcdff238,"ChlorPROMazine INJECTION 25mg/ml, 2ml amp","ChlorPROMazine INJECTION 25mg/ml, 2ml amp",Injection,,,,
f645f614-e847-47ef-9eeb-522707355b4a,ChlorHEXidine gluconate soln 5%,ChlorHEXidine gluconate soln 5%,Solution,,,,
8ec1d2d6-6b0f-4eb7-8928-d8541b8d8729,CefTRIAXone Injection1g (pfr),CefTRIAXone Injection1g (pfr),Injection,,,,
53f686e8-eaa9-4bba-9614-74c0f3991c34,Alcoholic based hand rub,Alcoholic based hand rub,Ointment,,,,
f6b15ac5-89ef-4ac6-a977-04d36aef834e,Adrenaline (epinephrine) Injection 1mg/1mL amp,Adrenaline (epinephrine) Injection 1mg/1mL amp,Injection,,,,
9689c8df-440d-44da-9149-ad8c20a63373,Mupirocin Ointment,Mupirocin Ointment,Ointment,,,,
9785a8d5-1998-4674-a832-9fc652010d2d,Betamethasone Ointment,Betamethasone Ointment,Ointment,,,,
d899e1fc-c0d8-4de6-a519-8a3344240ad1,Zinc sulphate EYE drops,Zinc sulphate EYE drops,Drops,,,,
5890d2e6-4850-48c8-813a-7b0853a978e3,Tropicamide eye drops,Tropicamide eye drops,Drops,,,,
77bb9a61-b858-4f13-bfb0-ae7f35913142,Timolol,Timolol,Drops,,,,
3d8bb936-b7c4-4531-a38e-a1c775938d7e,TetraHYDROzoline HCI 0.05% (visine),TetraHYDROzoline HCI 0.05% (visine),Drops,,,,
8321a011-7402-4300-aef6-9f4db74191ac,TetraCYCLIne eye ointment 1% 3.5g,TetraCYCLIne eye ointment 1% 3.5g,Ointment,,,,
22993ad1-6398-44dd-bdf9-f6c02a554f0f,TetraCAINE HCL 0.5% eyedrops,TetraCAINE HCL 0.5% eyedrops,Drops,,,,
cb16433f-9f34-414f-a0a4-8d237e9e7657,Tears Naturale,Tears Naturale,Drops,,,,
d62d5f3f-6971-4400-99bf-d126d2a31ece,"Sodium ChroMOGLYcate eye Drops 2%, 10ml","Sodium ChroMOGLYcate eye Drops 2%, 10ml",Drops,,,,
f33f5f41-dfbd-4e3f-85c1-1c15a94ea990,Prednisolone sodium phoshate 0.5% and gentamycin sulphate 3%,Prednisolone sodium phoshate 0.5% and gentamycin sulphate 3%,Tablet,,,,
cb812283-33c9-4944-a18e-a1d316bee030,"Prednisolone Forte EYE Drops 1%, 5ml","Prednisolone Forte EYE Drops 1%, 5ml",Drops,,,,
d45dc11f-e80f-479c-97f7-2673e28c35a4,"Povidone iodine, 2.5%","Povidone iodine, 2.5%",Solution,,,,
6649fe0d-f204-4eac-9a46-065c55b95140,"Povidone iodine, 0.5% EYE","Povidone iodine, 0.5% EYE",Drops,,,,
f4f899da-75d3-47dc-b708-75eb5afc7ff6,Povidone 2.5 %  EYE drops,Povidone 2.5 %  EYE drops,Drops,,,,
7d26fe88-1fe9-4c8a-8b6b-45ccca59dc09,Pilocarpine eye drops 4%,Pilocarpine eye drops 4%,Drops,,,,
d036bc47-819b-414f-b8e7-aaeb2ce64a6a,Pilocarpine eye drops 2%,Pilocarpine eye drops 2%,Drops,,,,
21eac945-4a5c-4b9c-a140-a74809930186,Ofloxacin 0.3% 5ml tube,Ofloxacin 0.3% 5ml tube,Drops,,,,
8d393a83-445e-4125-bbbc-28b131009d3e,Miconazole EYE drops,Miconazole EYE drops,Drops,,,,
07c018f0-c93c-4468-a00e-509c406c44fc,"Methylcellulose 2%), 5ml bottle","Methylcellulose 2%), 5ml bottle",Syrup,,,,
87d0c940-fed5-467b-80ae-137358e5971c,Latanoprost 0.005% 2.5ml tube,Latanoprost 0.005% 2.5ml tube,Drops,,,,
9da635b9-5f18-41ae-8858-709dcac48675,"HydroCORTisone EYE Drops 1%, 5ml","HydroCORTisone EYE Drops 1%, 5ml",Drops,,,,
c7945aa9-8328-49f9-9750-f74958598ce2,Gentamicin sulphate 0.3% w/v (EYE/EAR drops) 5ml,Gentamicin sulphate 0.3% w/v (EYE/EAR drops) 5ml,Drops,,,,
8ed1625a-b92c-4d03-8012-80e16ed9ea97,FloUROMHetholone 0.1%,FloUROMHetholone 0.1%,Drops,,,,
33d27990-30cd-4bd2-a09d-8993e394b7ef,Dexamethasone-Gentamicin eyedrops,Dexamethasone-Gentamicin eyedrops,Drops,,,,
7af9a3a6-5ec2-4a28-b706-b8a4e24279a9,Dexamethasone EYE drops,Dexamethasone EYE drops,Drops,,,,
3f943495-f4b9-441f-8428-b66f8cf73468,"Dexamethasone + Neomycin + Polymixin B  600IU/1%/3.5MG/G EYE/Ear Drops, 5ml","Dexamethasone + Neomycin + Polymixin B  600IU/1%/3.5MG/G EYE/Ear Drops, 5ml",Drops,,,,
e7abf51d-0270-4b23-a3d8-1a5c8d9c731e,Cyclopentolate 1%,Cyclopentolate 1%,Drops,,,,
e6132266-dc77-4429-bcc0-f631d918fe84,Ciprofloxacin OINTMENT Tube,Ciprofloxacin OINTMENT Tube,Ointment,,,,
ca30f560-49e0-4d31-8da6-cd66c307a0aa,Ciprofloxacin eye drops,Ciprofloxacin eye drops,Drops,,,,
a9d99ee9-68a8-4a93-ba78-9806dc955d1e,Chloramphenical eye drops,Chloramphenical eye drops,Drops,,,,
b5529e0f-4c44-401d-891d-ce344cd89357,Betamethasone Sodium Phosphate 0.1% W/V And Neomycin Sulphate 0.5% W/V (Probeta N),Betamethasone Sodium Phosphate 0.1% W/V And Neomycin Sulphate 0.5% W/V (Probeta N),Drops,,,,
c3331466-909f-4147-b0da-d1e35b38c308,Atropine EYE drops 1%,Atropine EYE drops 1%,Drops,,,,
4e9895b2-eef3-4a13-bc0b-06dbc852ae99,Acyclovir EYE ointment,Acyclovir EYE ointment,Ointment,,,,
b0d597b0-8c2b-4285-9610-72f5ee240959,Zuclopenthixol 200mg/ml,Zuclopenthixol 200mg/ml,Injection,,,,
26873674-b67a-4792-8700-003c78413474,Zinc sulphate Tablet  20mg,Zinc sulphate Tablet  20mg,Tablet,,,,
c46bb955-13d0-49b9-9fd5-75f26eedec99,Water-based lubricant gel,Water-based lubricant gel,Gel,,,,
bf7c6855-49a9-4f9e-b427-042871e01faf,"Water for Injection, 10ml vial","Water for Injection, 10ml vial",Injection,,,,
a379fdc3-722d-453a-95ed-6df06f73f600,Wafarin 5mg Tablet,Wafarin 5mg Tablet,Tablet,,,,
c18d70fc-f2e2-44bd-9c52-1003c0bbefca,Voluven 500ml bag,Voluven 500ml bag,Injection,,,,
4c4674f9-bd4c-44b3-a267-7e3b4a3ace6a,Vitamins B & C High Potency Injection Pabrinex I & Ii,Vitamins B & C High Potency Injection Pabrinex I & Ii,Injection,,,,
45f9a04f-ea9b-4b3a-95e8-57519cb0ad43,"Vitamin B complex (B1, B6 and B12)","Vitamin B complex (B1, B6 and B12)",Tablet,,,,
f5dd5c66-55b2-4947-a319-38639261d863,"Vitamin A 50,000IU Capsule","Vitamin A 50,000IU Capsule",Capsule,,,,
92082e40-6abc-434a-adfb-7a7d4e7f98b9,Vildagliptin 50mg,Vildagliptin 50mg,Tablet,,,,
b1e223e7-4df1-4111-918a-1940bf3bc655,Vasopressin Injection,Vasopressin Injection,Injection,,,,
045a0782-a17c-40ee-bd3b-7fe7d2c5e7ab,Vancomycin 500mg Injection vial,Vancomycin 500mg Injection vial,Injection,,,,
df32bf91-b1cc-4189-9c9b-947924aa750f,ValSARTan 80mg,ValSARTan 80mg,Tablet,,,,
b6e4a1dd-f299-4aa2-8b2a-a8f230d416ad,ValSARTan 160mg Tablet,ValSARTan 160mg Tablet,Tablet,,,,
c7675d70-d447-45f4-9009-cd71bd116729,ValPROIC Acid (Sodium Valproate)  Tablet 200mg,ValPROIC Acid (Sodium Valproate)  Tablet 200mg,Tablet,,,,
ee3bf168-2a1a-487a-bbc2-872fdb5fdf11,Tranexamic INJECTION 500MG/5ML,Tranexamic INJECTION 500MG/5ML,Injection,,,,
cc613762-f064-43c9-862d-8c8a8223340f,Tranexamic 500mg Tablet,Tranexamic 500mg Tablet,Tablet,,,,
0891a845-80a1-4f86-91ca-6359036f8043,Tramadol 50mg INJECTION,Tramadol 50mg INJECTION,Injection,,,,
6072dd30-c6f9-4512-9efb-247bf56d727e,Tramadol 50mg Capsule,Tramadol 50mg Capsule,Capsule,,,,
4d90c0e5-3c3e-474f-a8b3-8479dced14d0,Tinidazole Tablet 500mg (f/c),Tinidazole Tablet 500mg (f/c),Tablet,,,,
3bd35a0c-31d5-477e-9603-96ef8d2763d8,Thiopentone Injection 500mg vial (pfr),Thiopentone Injection 500mg vial (pfr),Injection,,,,
c3cfca5d-662f-4746-9b1e-09eb365820a3,Tamoxifen 20mg Tablet,Tamoxifen 20mg Tablet,Tablet,,,,
d1d1115c-3124-4aeb-9ed5-93fbf5e734fe,"Suxamethonium chloride Injection 50mg/ml, 2ml amp","Suxamethonium chloride Injection 50mg/ml, 2ml amp",Injection,,,,
002e2389-a332-42f5-802d-51ff7113e98f,Sunscreen 50+ Bottle,Sunscreen 50+ Bottle,Syrup,,,,
a3491220-fdd8-4b09-9fc4-225fe13fac16,Sunscreen 30+ Bottle,Sunscreen 30+ Bottle,Syrup,,,,
29c38a80-6219-4377-bb54-55dd07ddf4de,Spironolactone 25mg Tablet,Spironolactone 25mg Tablet,Tablet,,,,
3e5b1c5a-ea4f-4a40-917a-b815988e1720,Softban rolls,Softban rolls,Ayurvedic,,,,
e9f39652-0fa8-4a18-9589-89e58b9832e2,"Sodium STIBOgluconate Injection 100mg/ml, 100ml (Danida free)","Sodium STIBOgluconate Injection 100mg/ml, 100ml (Danida free)",Injection,,,,
be8ef197-7cae-4338-a463-e8fad44a9f6a,"Sodium LACTate co IV infusion, 500ml (Hartmann's)","Sodium LACTate co IV infusion, 500ml (Hartmann's)",Injection,,,,
8125b435-f6aa-4c9a-9a78-0aba7bfda07e,Sodium HYPOchlorite solution 4-6%,Sodium HYPOchlorite solution 4-6%,Solution,,,,
14212a74-804f-47b2-84d6-e45cdd2404ab,"Sodium CHLORide IV infusion 0.9%, 500ml (Normal saline)","Sodium CHLORide IV infusion 0.9%, 500ml (Normal saline)",Injection,,,,
e918b822-6a43-49f9-95bc-144b48257399,"Sodium BICARbonate 8.4%, 10ml amp","Sodium BICARbonate 8.4%, 10ml amp",Injection,,,,
c52ff5ab-b129-4526-bfcd-6c7153f4c274,Snake Venom Antiserum (African) IV 10ml,Snake Venom Antiserum (African) IV 10ml,Injection,,,,
b8633283-dfad-498f-976c-fb3909f6a932,Silver sulphadiazine cream 1% 100g,Silver sulphadiazine cream 1% 100g,Cream,,,,
7ad1c52a-5d43-4434-af4d-80dc822df53c,Silver sulphadiazine cream 1% 250g,Silver sulphadiazine cream 1% 250g,Cream,,,,
ee864e45-c3da-4289-9414-dc43d969586a,Silver nitrate (caustic pencil),Silver nitrate (caustic pencil),Disinfectant,,,,
583354ed-eb2d-4139-aa31-c9818c463bc2,SalMETROL xinafoate+fluticarsone 250mcg,SalMETROL xinafoate+fluticarsone 250mcg,Inhaler,,,,
9869c681-01cd-4619-b66c-c73fa4efcda7,Salbutamol Syrup 2mg/5mL,Salbutamol Syrup 2mg/5mL,Syrup,,,,
b3b6d819-33c6-4a4a-bb44-af0a58dfd370,"Salbutamol RESPIRATOR (nebulizing) solution,5mg/ml, 10ml","Salbutamol RESPIRATOR (nebulizing) solution,5mg/ml, 10ml",Solution,,,,
8e04afb5-0b8a-47d2-b989-9799ccaac242,Salbutamol  INHALER 100mcg/Actuation,Salbutamol  INHALER 100mcg/Actuation,Inhaler,,,,
d51e1539-4172-4e13-a5f0-6640776c1678,Risperidone 2mg,Risperidone 2mg,Tablet,,,,
662da10b-04fe-4b44-9d4d-e18f3f4443a6,"Retinol (vitamin A) palmitate Capsule  50,000 IU","Retinol (vitamin A) palmitate Capsule  50,000 IU",Capsule,,,,
04e60e55-803e-4715-90b2-4c7f34f898cc,Rabies  Vaccine (Danida free),Rabies  Vaccine (Danida free),Injection,,,,
b3c1b56e-c4f9-4da2-bec3-41e92edf240e,Rabies  Vaccine,Rabies  Vaccine,Injection,,,,
0de02c5d-aba0-418c-8afd-1ba09fe5ef1d,Prednisolone Tablet - 5mg,Prednisolone Tablet - 5mg,Tablet,,,,
1b7a3153-e0ce-40eb-b580-e82933c0a366,Praziquantel Tablet  - 600mg,Praziquantel Tablet  - 600mg,Tablet,,,,
b39ba102-3cd9-4a30-a208-8453f2624a2c,Pralidoxine injection,Pralidoxine injection,Injection,,,,
f9136384-c3a7-4a74-ab79-5df3f95d568e,"Potassium Chloride Injection15%, 10ml","Potassium Chloride Injection15%, 10ml",Injection,,,,
3f1882f0-201c-4e7e-9d9e-0b309bb9352d,Plaster of Paris 7.5CM *2.7M,Plaster of Paris 7.5CM *2.7M,Medicine Packing Bag,,,,
67694b6c-941f-4911-879f-3b30d00026f0,Plaster of Paris 20CM *2.7M,Plaster of Paris 20CM *2.7M,Medicine Packing Bag,,,,
298dfa1b-c6ee-4351-bba8-2266bc0bbc3b,Plaster of Paris 15CM *2.7M,Plaster of Paris 15CM *2.7M,Medicine Packing Bag,,,,
95a4827d-93e9-4834-8725-47345d8beeb6,Plaster of Paris 10CM *2.7M,Plaster of Paris 10CM *2.7M,Medicine Packing Bag,,,,
6e6ee808-2edc-4e3c-8b7e-267c2e061b6e,Phytomenadione Injection(vitamin K1) - 10mg/ml ampuole,Phytomenadione Injection(vitamin K1) - 10mg/ml ampuole,Injection,,,,
1d2ea276-a65b-46d7-98a0-1b64ff03b0be,"Phytomenadione (Vitamin K) Injection 2mg/ml, 0.2ml amp","Phytomenadione (Vitamin K) Injection 2mg/ml, 0.2ml amp",Injection,,,,
250679df-eb82-47b5-a9aa-7b7a294d238c,Phenytoin TABLET 100mg,Phenytoin TABLET 100mg,Tablet,,,,
26570037-5eb6-4a3a-b051-29990f6f4377,Phenytoin Sodium INJECTION 250mg Ampoule,Phenytoin Sodium INJECTION 250mg Ampoule,Injection,,,,
ce30a7a6-2b5b-4e1c-a28d-ef66c514d19b,"Phenobarbitone INJECTION 200mg/ml, 1ml amp","Phenobarbitone INJECTION 200mg/ml, 1ml amp",Injection,,,,
59bbe92c-4d43-4951-b69b-1e1eb59dff04,Phenobarbitone 30mg TABLET,Phenobarbitone 30mg TABLET,Tablet,,,,
efb1abf7-4e90-4d52-8545-6c6fd9dae6e5,Pethidine Injection100mg/2ml Ampoule,Pethidine Injection100mg/2ml Ampoule,Injection,,,,
bbaeef27-fb8e-407f-9872-a687ff225a84,Paracetamol Tablet 500mg,Paracetamol Tablet 500mg,Tablet,,,,
5005f232-dded-4200-ad9b-1e625519bed8,Paracetamol SYRUP 120mg/5mL 100ML,Paracetamol SYRUP 120mg/5mL 100ML,Syrup,,,,
f404bd50-f12b-4011-bc7a-1693dab05e6d,Paracetamol SYRUP 120mg/5mL,Paracetamol SYRUP 120mg/5mL,Syrup,,,,
2d53e211-e03e-481d-9161-0a6742f97014,Paracetamol SUPPOSITORIES125 mg,Paracetamol SUPPOSITORIES125 mg,Capsule,,,,
901dfe58-7e63-44a1-846a-4e97d9b23b4b,"Paracetamol INJECTION 10mg/ml, 100ml vial","Paracetamol INJECTION 10mg/ml, 100ml vial",Injection,,,,
3a61d36f-d50b-4379-8d4f-7c1e7435199d,"Pancuronium bromide Injection 2mg/ml, 2ml amp","Pancuronium bromide Injection 2mg/ml, 2ml amp",Injection,,,,
2fa5c66d-a1d8-41d4-b154-f889795f6fee,Oxytocin Injection 5 IU/ml ampoule (Syntocinon),Oxytocin Injection 5 IU/ml ampoule (Syntocinon),Injection,,,,
3e339330-bd15-4358-8bfe-efcdbd46415b,ORS sachet (for 500mL) low osmolality,ORS sachet (for 500mL) low osmolality,Powder,,,,
d858d357-c351-4942-951a-0d019453cf5c,ORS 4 Satchets & Zinc 10 Tablet 20 Mg,ORS 4 Satchets & Zinc 10 Tablet 20 Mg,Tablet,,,,
c619bc98-f213-4bdf-be2c-bc851c1d19e8,"Ondansetron Injection, 2mg/ml, 2ml","Ondansetron Injection, 2mg/ml, 2ml",Injection,,,,
1fc76597-13d4-434c-a1fb-b39ab2729f3d,Omeprazole Capsule 20mg,Omeprazole Capsule 20mg,Capsule,,,,
8cba505b-8d4a-466d-8ef9-0e7892bd906d,"Nystatin oral Susp 100,000 IU/mL","Nystatin oral Susp 100,000 IU/mL",Oral Solution,,,,
8b5a8564-027d-497d-997b-cf79c41ec67b,Nitrofurantoin Tablet 100mg,Nitrofurantoin Tablet 100mg,Tablet,,,,
57326dc7-5ce7-45d6-9fa8-0bc39fa2e7bc,Nifedipine Tablet s/r 20mg,Nifedipine Tablet s/r 20mg,Tablet,,,,
471e7976-4f76-4155-87d5-19b746248003,"Neostigmine Injection 2.5mg/mL, 1ml amp","Neostigmine Injection 2.5mg/mL, 1ml amp",Injection,,,,
e74e616f-595e-4e36-a0b4-0d6e07add55a,Neonatal ampiclox 90mg/0.6ml Bottle,Neonatal ampiclox 90mg/0.6ml Bottle,Syrup,,,,
e5e82991-b9a0-47a1-9729-0f4c7df7030f,Naloxone 0.44mg/ml,Naloxone 0.44mg/ml,Injection,,,,
9c87285f-2d67-44d7-9181-61bc4d2f6e33,Mupirocin Ointment 15gm,Mupirocin Ointment 15gm,Ointment,,,,
4cbd80fb-baac-4cfc-acbd-1d68c0a15ba0,Multivitam Tablet,Multivitam Tablet,Tablet,,,,
e73cb28b-9542-4237-9902-64d6ee731018,Multivitamin SYRUP,Multivitamin SYRUP,Syrup,,,,
6d649817-7307-42d3-9ac1-f12fb5c2c586,Morphine SUSPENSION 10mg/ml,Morphine SUSPENSION 10mg/ml,Suspension,,,,
4594c22f-f406-4eca-a808-73c7957bb4e6,Morphine POWDER,Morphine POWDER,Powder,,,,
3b285d5c-9a38-4856-890a-74bcf985d010,"Morphine INJECTION 10mg/ml, 1ml amp.","Morphine INJECTION 10mg/ml, 1ml amp.",Injection,,,,
a8efa92b-db6a-4fd8-8640-4bae05b6bda1,Misoprostol 200mcg Tablet,Misoprostol 200mcg Tablet,Tablet,,,,
76f7bfa0-fc87-40f8-9aeb-3f52ae66adf6,Midazolam 1mg/ml,Midazolam 1mg/ml,Injection,,,,
b08285d3-7673-4ebe-9bc8-223db3e49875,Metronidazole Tablet 400mg,Metronidazole Tablet 400mg,Tablet,,,,
5f01a1bd-1647-42da-9671-ad90db9dfe24,Metronidazole Tablet 200mg,Metronidazole Tablet 200mg,Tablet,,,,
157dd5e6-0968-433c-af6b-55e60f09add8,Metronidazole SUSPENSION 200mg/5mL,Metronidazole SUSPENSION 200mg/5mL,Suspension,,,,
3e394bc1-852a-42f0-91a5-f297c8ab7cb1,"Metronidazole INJECTION 5mg/mL, 100mlvial","Metronidazole INJECTION 5mg/mL, 100mlvial",Injection,,,,
2290b41c-b204-4ec9-981c-d4a3303fa973,Metoclopramide Tablet 10mg,Metoclopramide Tablet 10mg,Tablet,,,,
411d0bbc-e6de-4df1-ad89-990634597e43,"Metoclopramide Injection 5mg/mL, 2ml  amp","Metoclopramide Injection 5mg/mL, 2ml  amp",Injection,,,,
0268a7ce-ee43-436f-a401-c395c7827c8a,MethylDOPA Tablet  250mg,MethylDOPA Tablet  250mg,Tablet,,,,
d4993873-9b03-455a-912e-8863dedad71e,Metformin XR Tablet 500mg,Metformin XR Tablet 500mg,Tablet,,,,
998ecdf5-82aa-4607-91d8-4fd271145f24,Metformin Tablet 500mg,Metformin Tablet 500mg,Tablet,,,,
1116b11d-42c9-4935-926b-d2c808afca54,Metformin Tablet 1gm,Metformin Tablet 1gm,Tablet,,,,
201a4657-c28a-4cb9-b440-7d2c188cda77,Metformin 850mg Tablet,Metformin 850mg Tablet,Tablet,,,,
86370caf-94ac-4436-93a4-f4392516bedc,Meropenem 1g vial,Meropenem 1g vial,Injection,,,,
a29ed55a-693c-4df9-a6b1-2464c8aeab85,Meloxicam 7.5mg Tablet,Meloxicam 7.5mg Tablet,Tablet,,,,
0bfcc326-b0e3-41c5-a228-a4199607076a,Mebendazole Tablet100mg,Mebendazole Tablet100mg,Tablet,,,,
40e645fd-561c-4377-be37-220d1b2fc8c8,Mebendazole SUSPENSION,Mebendazole SUSPENSION,Suspension,,,,
b1571faa-f53f-4b37-bb40-d52dd00a8ff0,"Measuring spoon, double-sided 5mL/2.5mL","Measuring spoon, double-sided 5mL/2.5mL",Spoon,,,,
0f15e1eb-40b6-4214-9ace-c9a024fb5621,Magnesium sulphate Injection 4% w/v 100ml,Magnesium sulphate Injection 4% w/v 100ml,Injection,,,,
ee9184ee-fbaa-454a-b1e8-0d41ea3ab176,losartan potassium 50mg +hydrochlothiazide 12.5 mg Tablet,losartan potassium 50mg +hydrochlothiazide 12.5 mg Tablet,Tablet,,,,
9b7225e7-a6ff-4e83-a3ef-a17bd66de848,Losartan plain 50mg Tablet,Losartan plain 50mg Tablet,Tablet,,,,
ebf768cc-106a-4b77-8a0f-32ccc744155c,Loperamide Capsule  - 2mg,Loperamide Capsule  - 2mg,Capsule,,,,
0839a762-a52a-4025-a859-4853bc83e1b6,Lisinopril 5mg Tablet,Lisinopril 5mg Tablet,Tablet,,,,
5ef154ac-8e50-4682-8eae-ed85f5202c4a,Lisinopril 20mg Hydrochlorthiazide 12.5mg,Lisinopril 20mg Hydrochlorthiazide 12.5mg,Tablet,,,,
19967654-1984-456d-9060-ad9f315a9fe6,Lisinopril 10mg Tablet,Lisinopril 10mg Tablet,Tablet,,,,
912bbe79-d9ce-456d-b578-05db3258b882,Lignocaine 2% DENTAL  cart with adrenaline-1:80 000,Lignocaine 2% DENTAL  cart with adrenaline-1:80 000,Injection,,,,
834a8860-cd3c-4d3d-ba7b-b33fb4f6dcc8,"Lidocaine (lignocaine) Injection1%, 1mg/1mL 30ml vial","Lidocaine (lignocaine) Injection1%, 1mg/1mL 30ml vial",Injection,,,,
48090e17-0217-4cbf-ac0d-d93f16b7b16a,Levothyroxine 100mcg,Levothyroxine 100mcg,Tablet,,,,
b0835059-a5b8-468e-b051-b8425ca4f6b4,Levonorgestrel/ethinylestradiol tab 0.15mg/0.03mg (COC),Levonorgestrel/ethinylestradiol tab 0.15mg/0.03mg (COC),Tablet,,,,
8238164b-e5b7-4067-baaa-e07129be68f3,"Levonorgestrel tab 750mcg (EC), Pair","Levonorgestrel tab 750mcg (EC), Pair",Tablet,,,,
3e62845c-9903-4a51-b2b7-d8e0bbbd477b,Levonorgestrel tab 30mcg  (POP),Levonorgestrel tab 30mcg  (POP),Tablet,,,,
5f0cf45c-f09b-4819-8c2f-6391a0071ab1,Levonorgestrel implant 75mg with trocar,Levonorgestrel implant 75mg with trocar,Tablet,,,,
460cd61e-fda4-4c66-b881-af54db1b2154,Letrozole 2.5mg Tablet,Letrozole 2.5mg Tablet,Tablet,,,,
f464e7fd-8a5c-4351-8130-30b696e28bf9,"Lactulose solution , 200ml bottle","Lactulose solution , 200ml bottle",Solution,,,,
75c47665-dbd8-476d-b4d9-90845fbf6335,Ketoconazole Tablet 200mg,Ketoconazole Tablet 200mg,Tablet,,,,
dfa6557b-fe25-48a8-80a4-345cce76b45c,"Ketamine Injection50mg/ml, 10ml","Ketamine Injection50mg/ml, 10ml",Injection,,,,
ce7b5fca-f78d-4e93-bf54-2254782849d5,IUD Copper T,IUD Copper T,Pessary,,,,
a5c21e8c-4a00-4c69-9479-d22fed3acd6f,Isoflurane 250ml bottle,Isoflurane 250ml bottle,Syrup,,,,
58e06c21-efdf-4cea-b864-64dea2ba8872,Iron Sucrose 100mg Injection,Iron Sucrose 100mg Injection,Injection,,,,
ac65a2be-5ca4-4a86-bfe5-decb2e92912a,"Insulin SOLUBLE 100 IU/mL, 10ml vial","Insulin SOLUBLE 100 IU/mL, 10ml vial",Solution,,,,
a0fcf965-dd93-4403-8769-bdd92b67c594,Insulin MIXTARD Pens,Insulin MIXTARD Pens,Injection,,,,
96b7ca43-2c8f-4a82-8ca3-2a3612e9dfba,Insulin BIPHASIC 30/70 100 IU/ml. 10ml vial,Insulin BIPHASIC 30/70 100 IU/ml. 10ml vial,Injection,,,,
99a921d7-d3b6-4572-837e-2dae524bbcfe,Ibuprofen Tablet 200mg,Ibuprofen Tablet 200mg,Tablet,,,,
3d8f3fca-04bd-466f-957c-aa060a6e249e,Ibuprofen SUSPENSION 100mg/5ml,Ibuprofen SUSPENSION 100mg/5ml,Suspension,,,,
5b195740-6a1f-44a2-88c3-1e0b6422b476,Hyoscine butylbromide Tablet 10mg,Hyoscine butylbromide Tablet 10mg,Tablet,,,,
f6bef60a-adcb-4d2b-9382-41212a9dc470,HydroCORTIsone OINTMENT 1% 15g,HydroCORTIsone OINTMENT 1% 15g,Ointment,,,,
2a717414-6d11-4ad7-9aaa-5a8b24aec69d,HydroCORTIsone INJECTION100mg vial,HydroCORTIsone INJECTION100mg vial,Injection,,,,
f5f472d6-681a-413f-b3b9-f71afcb98f13,HydroCHLOROthiazidE(HCTZ) Tablet 25mg,HydroCHLOROthiazidE(HCTZ) Tablet 25mg,Tablet,,,,
fccd86af-a5ea-4a23-a3e0-791a4bbd03f2,Hydralazine Injection 20mg ampoule,Hydralazine Injection 20mg ampoule,Injection,,,,
e4e5f25c-1f31-473a-9bd5-f31e4e2f09a7,"Human albumin infusion, 20%","Human albumin infusion, 20%",Injection,,,,
7374dec8-18a4-4d92-8ef6-9cfac12e53c3,HepaTITIS B vaccine,HepaTITIS B vaccine,Injection,,,,
99c3b7e4-a86f-4b42-bb68-5a0c87ee1b4c,"HaloTHANE Inhalation, 250ml","HaloTHANE Inhalation, 250ml",Inhaler,,,,
8bbe9b4b-bafb-4233-8b31-332174f019ce,HaloPERIdol Tablet 5mg,HaloPERIdol Tablet 5mg,Tablet,,,,
b4bf92d6-d11a-4b77-93d0-f99f57c60d41,"HaloPERIdol Decan. Inj. 50mg/ml, 1ml amp.","HaloPERIdol Decan. Inj. 50mg/ml, 1ml amp.",Injection,,,,
0d9e505b-e5dd-4e6f-a533-f46f3df938cd,Griseofulvin Tablet 500mg,Griseofulvin Tablet 500mg,Tablet,,,,
303a8232-7951-43cd-a112-1753b5ed6592,Griseofulvin Tablet 125mg,Griseofulvin Tablet 125mg,Tablet,,,,
f3d5869a-8599-4475-a9b2-006f4458afd6,Glutaraldehyde 2% Solution,Glutaraldehyde 2% Solution,Solution,,,,
0d29ebf7-f5b3-4252-9920-111c862f1440,"Glucose (dextrose) IV infusion 5%, 500ml","Glucose (dextrose) IV infusion 5%, 500ml",Injection,,,,
f037045c-fbd5-42be-9ba1-cce8b38abdc6,GliMEPIride 4mg Tablet,GliMEPIride 4mg Tablet,Tablet,,,,
354e83ae-7a7e-4484-99cc-0c86263590c3,GliCLAZide 8mg Tablet,GliCLAZide 8mg Tablet,Tablet,,,,
f160ec82-9fa7-407e-95c7-07b8beb980b9,GliBENClamide Tablet 5mg,GliBENClamide Tablet 5mg,Tablet,,,,
577940b7-f023-4cdb-8971-900b4c74210b,"Gentamicin sulphate Injection 40mg/ml, 2ml amp","Gentamicin sulphate Injection 40mg/ml, 2ml amp",Injection,,,,
b7a59a1d-39e3-44ae-87c8-6202e0564b01,"Gentamicin sulphate Injection 10mg/ml, 2ml amp","Gentamicin sulphate Injection 10mg/ml, 2ml amp",Injection,,,,
d6e1b879-4e4c-44f0-855e-d0729b910432,Furosemide Tablet  40mg,Furosemide Tablet  40mg,Tablet,,,,
881054d6-d3b2-469b-9821-ecdc8ee8b2a6,Folic acid Tablet 5mg,Folic acid Tablet 5mg,Tablet,,,,
f911b7d4-ee7e-42cc-a028-fe08a5d18c23,FluOXEtine 20mg capsule,FluOXEtine 20mg capsule,Capsule,,,,
d9f1ca1f-060d-48e2-8edc-aaa8bd908abb,"FluCONazole IV 200mg, 2mg/ml","FluCONazole IV 200mg, 2mg/ml",Injection,,,,
14e3bf06-4f5b-41c7-8605-ec2cf0e7ac62,FluCONazole Capsule 50mg,FluCONazole Capsule 50mg,Capsule,,,,
a61d773a-178d-4853-9821-9cb8f334893f,FluCONazole 200mg,FluCONazole 200mg,Injection,,,,
380b6b9a-1d4d-400d-beaa-4e0632a81238,FluCLOXacillin Injection250mg,FluCLOXacillin Injection250mg,Injection,,,,
ff0e090d-cc44-433a-8f9f-ec226316c534,FluCLOXacillin Capsule 500mg,FluCLOXacillin Capsule 500mg,Capsule,,,,
809fc4db-5572-47a7-938c-0b824d484ffc,FluCLOXacillin Capsule 250mg,FluCLOXacillin Capsule 250mg,Capsule,,,,
18630441-1667-4ee8-9455-ba8635d5f79a,FluCLOXacillin 125mg/5ml suspension,FluCLOXacillin 125mg/5ml suspension,Suspension,,,,
336126e1-090f-4737-94d1-70ff3eb20844,Ferrous sulphate Tablet200mg,Ferrous sulphate Tablet200mg,Tablet,,,,
3ca08017-92f0-406e-a713-ab0ffe5b6b46,Ferrous sulphate /folic acid Tablet 200mg/400mcg,Ferrous sulphate /folic acid Tablet 200mg/400mcg,Tablet,,,,
dcbfc161-4c4e-47fb-aaab-4becd4c458b9,"Fentanyl Injection50mcg/ml, 2ml","Fentanyl Injection50mcg/ml, 2ml",Injection,,,,
f689c4a2-c9da-4e07-b5e6-322e8d372485,Felodipine 5mg tablet,Felodipine 5mg tablet,Tablet,,,,
d135dcf1-a966-4c2c-8580-c3cdf1ed6617,Felodipine 10mg tablet,Felodipine 10mg tablet,Tablet,,,,
ced12f35-f69d-4378-bccf-d7ed912f0cd2,Etonogestrel implant 68mg (1 rod + trocar),Etonogestrel implant 68mg (1 rod + trocar),Pessary,,,,
086c3233-11b5-4636-8bd9-5747247b4780,Ethanol denatured solution 70%,Ethanol denatured solution 70%,Solution,,,,
d5305bdd-e32f-4eb6-aee1-042f850f678a,Etamsylate 250mg Injectionection,Etamsylate 250mg Injectionection,Injection,,,,
cb59c4dd-a49b-4d34-a927-dea49dd9646a,Esomeprazole 20mg Tablet,Esomeprazole 20mg Tablet,Tablet,,,,
62a0acc5-889e-4ca4-ac7f-bc7085cd5f17,ErythroPOIETIN 2000IU syringes,ErythroPOIETIN 2000IU syringes,Injection,,,,
f87509ef-e0cf-4563-9289-5481f63d7540,ErythroMYCIN Tablet 250mg,ErythroMYCIN Tablet 250mg,Tablet,,,,
fce7ea16-63cb-4709-9ec0-72953ace6db2,ErythroMYCIN Suspension 125mg/5mL,ErythroMYCIN Suspension 125mg/5mL,Suspension,,,,
6b88dd31-76e5-4eb8-b1f9-79da83f564bb,Ephedrine HLC 30mg/ml,Ephedrine HLC 30mg/ml,Injection,,,,
45eff16f-ad5d-45cb-af4e-ad7c57e07ff5,Enoxaparin Injection 40mg/0.4ml,Enoxaparin Injection 40mg/0.4ml,Injection,,,,
b147c7c4-9d9d-4864-93a4-e0966014c258,Enalapril Tablet 5mg,Enalapril Tablet 5mg,Tablet,,,,
45e1288f-cc60-46f0-86f0-7cd3e9c43fa8,Doxycycline Capsule100mg,Doxycycline Capsule100mg,Capsule,,,,
2af727a3-897e-40ed-8cc7-fc5b1c0a3213,Domperidone 10mg Tablet,Domperidone 10mg Tablet,Tablet,,,,
96d981c3-feb4-4177-b057-87ef7cb0786d,"Dispensing label, self-adhesive x 200pc","Dispensing label, self-adhesive x 200pc",Medicine Packing Bag,,,,
33ae7eac-35c9-4c1e-a178-35023ec86a31,Dispensing envelope,Dispensing envelope,Medicine Packing Bag,,,,
1a975dc5-960a-4968-bb0c-5bcea8b01001,"Dispensing bottle, plastic, 60mL","Dispensing bottle, plastic, 60mL",Syrup,,,,
f716de0e-9bb1-4b3c-9064-331457bc63ef,Diloxanide Furoate/Metronidazole Tablet 250mg/200mg,Diloxanide Furoate/Metronidazole Tablet 250mg/200mg,Tablet,,,,
95ddb5da-7aa7-43ec-aa57-ba9cb8c3bf28,Diloxanide furoate Tablet 500mg,Diloxanide furoate Tablet 500mg,Tablet,,,,
5ec3303a-e3d5-48d5-acf4-08fdfd455b04,Dihydrocodeine phosphate Tablet 30mg,Dihydrocodeine phosphate Tablet 30mg,Tablet,,,,
92956a9b-3b3b-46f0-8e21-c578b278b250,Digoxin Tablet 250mcg,Digoxin Tablet 250mcg,Tablet,,,,
1e34c7b3-f9c5-49e7-a219-8b81e1dab4da,"Diclofenac INJECTION 25mg/ml, 3ml amp","Diclofenac INJECTION 25mg/ml, 3ml amp",Injection,,,,
fb21b68f-4f25-4248-862a-28d9e72cb6bd,"Diclofenac GEL, 1% w/w, 20gm","Diclofenac GEL, 1% w/w, 20gm",Gel,,,,
71020747-89ef-4c2f-b701-32388338c4da,Diazepam TABLET 5mg,Diazepam TABLET 5mg,Tablet,,,,
ac68124a-1f46-47d3-a2fe-450ab54c9a72,"Diazepam INJECTION 5mg/ml, 2ml amp","Diazepam INJECTION 5mg/ml, 2ml amp",Injection,,,,
369f6543-2efe-40d8-b72c-03bf464a5a93,DexTRAN 70 - 6% (60mg/ml),DexTRAN 70 - 6% (60mg/ml),Drops,,,,
5c65eef7-c76c-47a1-8632-4d549caec746,DexaMETHAsone INJECTION,DexaMETHAsone INJECTION,Injection,,,,
6e5559fa-d36f-4a97-9d83-d8a800ac9263,Depot Medroxyprogesterone acetate 150mg Injection,Depot Medroxyprogesterone acetate 150mg Injection,Injection,,,,
f58a9f81-02c9-415c-9b2d-eb7407ec9263,Darrows half strength Bottle,Darrows half strength Bottle,Syrup,,,,
143a07b6-a47f-4fb5-86a9-b19cdf50251a,Crepe bandage,Crepe bandage,Medicine Packing Bag,,,,
4b9976c0-1700-4483-bb1a-de5cb26685f2,COtrimoxazole susp 240mg/5mL,COtrimoxazole susp 240mg/5mL,Suspension,,,,
65ee887d-8a1a-4db7-ab62-626c65a79b82,"Condoms, MALE latex","Condoms, MALE latex",Pessary,,,,
6b721cc5-35b5-496c-b823-c8fada1f9bd1,"Condoms, FEMALE, latex","Condoms, FEMALE, latex",Pessary,,,,
150fb1c0-e9a3-4cfc-ac19-b49c4daec413,Compound Magnesium trisilicate Tablet 370mg,Compound Magnesium trisilicate Tablet 370mg,Tablet,,,,
2e5234e0-10fa-4064-a0cd-1a576ff4cc8f,COtrimoxazole Tablet 480mg,COtrimoxazole Tablet 480mg,Tablet,,,,
f7de63fc-0870-4c24-bb3f-7ae8460a1495,CLOtrimazole VAGINAL tablet 500mg,CLOtrimazole VAGINAL tablet 500mg,Tablet,,,,
fa4677b9-65c4-4b71-937e-7f548f49fcb8,CLOtrimazole VAGINAL tablet 200mg,CLOtrimazole VAGINAL tablet 200mg,Tablet,,,,
ebbb402b-d733-4f56-86ee-3768fc9d04c0,CLOtrimazole cream 1% 20gm,CLOtrimazole cream 1% 20gm,Cream,,,,
c3c5603b-5434-4736-941f-55bf1b20680d,Clopidogrel 75mg Tablet,Clopidogrel 75mg Tablet,Tablet,,,,
4b0fbd60-9120-45a6-b3ba-32572943ff6c,Clindamycin 300mg/2ml Injection vial,Clindamycin 300mg/2ml Injection vial,Injection,,,,
98eef94e-f4e0-4067-bf23-9b86e312b2f0,"Clarithromycin 500mg,amoxicillin 1gm, Lansoprazole 30mg - H.pylori kit","Clarithromycin 500mg,amoxicillin 1gm, Lansoprazole 30mg - H.pylori kit",Capsule,,,,
d33181ca-1488-4f05-b728-0e2df60ac94a,Clarithromycin 500mg Tablet,Clarithromycin 500mg Tablet,Tablet,,,,
fcb3f5b4-91e2-48c8-abf9-36654ed46419,Ciprofloxacin Tablet 500mg,Ciprofloxacin Tablet 500mg,Tablet,,,,
701e97ef-1eb5-483f-998a-14ee97eeac98,Ciprofloxacin TABLET 250mg,Ciprofloxacin TABLET 250mg,Tablet,,,,
89561d81-49cd-4381-ad4e-0923eaaaab64,Ciprofloxacin INFUSION,Ciprofloxacin INFUSION,Injection,,,,
060536d0-e66c-41ee-8926-a873b22965b0,ChlorPROMazine Tablet 100mg,ChlorPROMazine Tablet 100mg,Tablet,,,,
b75ecc01-8402-4e0a-98a7-95300d3040ee,ChlorPHENiramine Tablet 4mg,ChlorPHENiramine Tablet 4mg,Tablet,,,,
42af0862-5f29-47eb-862e-3e3ff3bf4563,ChlorPHENiramine SYRUP 2mg/5mL,ChlorPHENiramine SYRUP 2mg/5mL,Syrup,,,,
60536ab8-554e-4d5f-8a2f-9e15593fd4a2,ChlorPHENiramine SYRUP 2mg/5mL,ChlorPHENiramine SYRUP 2mg/5mL,Syrup,,,,
0bf0e0bd-7855-4373-98ea-f251e29283cc,ChlorPHENiramine INJECTION 10mg/1ml amp,ChlorPHENiramine INJECTION 10mg/1ml amp,Injection,,,,
69c0fb2d-8e79-4d22-be01-2e4372405a98,ChlorHEXidine GEL 10gm,ChlorHEXidine GEL 10gm,Gel,,,,
95c54cfc-ba35-459c-8b1a-e3a44db32913,Chloramphenicol sodium succinate Injection1g vial,Chloramphenicol sodium succinate Injection1g vial,Injection,,,,
a28b5c5f-2a86-49b3-aaa9-619f774958f1,Cetirizine TABLET 10mg,Cetirizine TABLET 10mg,Tablet,,,,
ebbd3d80-aa77-4a78-b04d-e5f5e243a2c9,Cetirizine SYRUP 60ml,Cetirizine SYRUP 60ml,Syrup,,,,
3d1f04a5-efbf-4482-871c-e4b073c8e23e,CefUROXime 750mg INJECTION,CefUROXime 750mg INJECTION,Injection,,,,
ba9bdaf6-8167-42ed-af65-16b8fc3b963b,CefUROXime 500mg Tablet,CefUROXime 500mg Tablet,Tablet,,,,
1e333768-3176-4021-93b3-00513b2ac448,CefUROXime 250mg  Tablet,CefUROXime 250mg  Tablet,Tablet,,,,
37066944-1969-45e2-8242-982d3f3ecf43,CefTRIAxone Injection250mg vial,CefTRIAxone Injection250mg vial,Injection,,,,
1f3c6d36-121e-478b-afc7-9161facef5a8,CefTAZidime  Injection1g,CefTAZidime  Injection1g,Injection,,,,
2b458715-4e2c-4ea9-a017-641ed9bb2f64,CeFIXime Tablet 400mg,CeFIXime Tablet 400mg,Tablet,,,,
4710b9ec-241f-4968-8424-8be59ad532ef,CarVEDILOL 6.25mg Tablet,CarVEDILOL 6.25mg Tablet,Tablet,,,,
dfdd7f10-239b-48da-8ba7-573b6ef5410e,CarVEDILOL 12.5mg Tablet,CarVEDILOL 12.5mg Tablet,Tablet,,,,
905c6f42-de0c-440d-93ba-97d1cd68b81d,CarBETOCIN 100mcg/ml,CarBETOCIN 100mcg/ml,Injection,,,,
edb221f9-bbee-459e-a4f7-e863a605f730,CarBAMAzepine Tablet 200mg,CarBAMAzepine Tablet 200mg,Tablet,,,,
414963f3-3155-43d6-978f-05ece21c7707,Calcium Gluconate Injection10%,Calcium Gluconate Injection10%,Injection,,,,
0318e6ac-1a82-4e64-91f7-79dbda86b7eb,"Calcium + Vitamin D Tablet 400mcg/200iu, 30 Pack","Calcium + Vitamin D Tablet 400mcg/200iu, 30 Pack",Tablet,,,,
562cdd40-690a-4358-afed-8cc08f2b48c4,Calamine lotion 15% 50ml,Calamine lotion 15% 50ml,Lotion,,,,
529ee5ea-8f51-4040-906f-c2b63be08e4b,Bupivacaine Hcl in dextrose  Injection 5mg  amp,Bupivacaine Hcl in dextrose  Injection 5mg  amp,Injection,,,,
75a23e14-ac4c-4922-b4a3-49de0b635d9d,"Budenoside inhaler 200mcg, 200 doses","Budenoside inhaler 200mcg, 200 doses",Inhaler,,,,
dedb1b97-8641-4412-a63f-5c989762ce1b,Budenoside 200mcg /Formoterol 6mcg,Budenoside 200mcg /Formoterol 6mcg,Inhaler,,,,
b010e72c-d5e8-4c3b-8716-df824f892ed0,Bromazepam 3mg tablet,Bromazepam 3mg tablet,Tablet,,,,
a37a3357-5ecf-40cc-b9a8-5258a71c325d,BiSOPRolol 5mg tabs,BiSOPRolol 5mg tabs,Tablet,,,,
cce35178-03bc-4e4d-894b-33b94ca5a30e,BiSACOdyl 5mg Tablet,BiSACOdyl 5mg Tablet,Tablet,,,,
4412c17d-b8d0-4289-93b7-1e470325ab6b,BeTAMETHasone Ointment,BeTAMETHasone Ointment,Ointment,,,,
2e86ae02-7315-469d-9a2c-2dc201235ff1,BenZYLpenicillin Injection-5mu,BenZYLpenicillin Injection-5mu,Injection,,,,
5b07bd2d-f289-4afd-98b5-a0c0a29ed508,BenZYL penicillin Injection 600mg (1 MU) vial pfr,BenZYL penicillin Injection 600mg (1 MU) vial pfr,Injection,,,,
074793cd-063c-49c3-9e18-31f5ef72505a,BenZYL penicillin 1mu Injection,BenZYL penicillin 1mu Injection,Injection,,,,
a743d55f-a11e-4082-922a-38e14ff0156b,Benzyl BENZOATE emulsion 25% w/v application 50ml,Benzyl BENZOATE emulsion 25% w/v application 50ml,Suspension,,,,
6b41d02c-95c9-4eb9-872d-cf5e9e70576b,BenzHEXOL Tablet 5mg,BenzHEXOL Tablet 5mg,Tablet,,,,
646c782a-737a-41a3-bdb6-0688362669cc,BenZATHINE penicillin Injection2.4 MU vial,BenZATHINE penicillin Injection2.4 MU vial,Injection,,,,
e7c2ca03-2e6c-4b9c-8a9f-565a9bb9f38d,BenZATHINEpenicillin 1.2mu Injectionection,BenZATHINEpenicillin 1.2mu Injectionection,Injection,,,,
13ea1c23-415b-4f88-bfc2-e4e77bec33a3,"Beclomethasone INHALER, 100mcg, 200doses","Beclomethasone INHALER, 100mcg, 200doses",Inhaler,,,,
26d4c8d5-5a32-4ee1-8b59-8ef5381fc7e7,Beclomethasone / Salbutamol inhaler 200 doses,Beclomethasone / Salbutamol inhaler 200 doses,Inhaler,,,,
cdb1c313-2607-43e6-9190-3e8ee01888a5,Azithromycin Tablet 500mg,Azithromycin Tablet 500mg,Tablet,,,,
363c5e37-d7c6-469d-87cc-7a1463aee845,"Azithromycin SUSPENSION 200mg/5ml, 30ml","Azithromycin SUSPENSION 200mg/5ml, 30ml",Suspension,,,,
6442e3d6-36d9-43e8-90c9-bd9d084d7488,"Atropine sulphate Injection1mg/mL, 1mL amp","Atropine sulphate Injection1mg/mL, 1mL amp",Injection,,,,
9dd62f94-09b7-43c7-af72-84c8bf2342ca,Atracurium besylate Injection10mg/ml,Atracurium besylate Injection10mg/ml,Injection,,,,
ac7feb7b-4899-4fd8-a27e-6925f91356db,Atenolol Tablet 50mg,Atenolol Tablet 50mg,Tablet,,,,
b549d479-9e6f-47e6-814a-392cb196bb24,Artovastatin 20mg Tablet,Artovastatin 20mg Tablet,Tablet,,,,
c35d031e-5abb-418b-9545-e9abfb0a0c06,Artovastatin 10mg Tablet,Artovastatin 10mg Tablet,Tablet,,,,
714cc035-499b-4e27-b0bf-574e58a70958,Artesunate 60mg,Artesunate 60mg,Injection,,,,
90fed5f3-e488-407e-9577-56d651608ec0,Artemether/lumefantrine Tablet 100/20mg blister of 6,Artemether/lumefantrine Tablet 100/20mg blister of 6,Tablet,,,,
3590c98f-57f8-497e-a55d-fad352c703e1,Artemether/lumefantrine Tablet 100/20mg blister of 24,Artemether/lumefantrine Tablet 100/20mg blister of 24,Tablet,,,,
de0efc9d-e383-4429-a856-c35d7fd4c298,Artemether/lumefantrine Tablet 100/20mg blister of 18,Artemether/lumefantrine Tablet 100/20mg blister of 18,Tablet,,,,
6c8a0245-c181-4d72-a3d3-6a83251ad75d,Artemether/lumefantrine Tablet 100/20mg blister of 12,Artemether/lumefantrine Tablet 100/20mg blister of 12,Tablet,,,,
6284c25e-cf64-4212-b491-88349c34817c,"Antirabies Immunoglobulin, 200IU/ml, 5ml vial","Antirabies Immunoglobulin, 200IU/ml, 5ml vial",Injection,,,,
7adf6a1f-6bf6-47e5-9374-0016971e5862,Anti-D RH Injection300mcg,Anti-D RH Injection300mcg,Injection,,,,
0d23cee3-b36c-4f3d-99c7-0f78a6d08ebd,Ampicillin/Cloxacillin 500mg Capsule,Ampicillin/Cloxacillin 500mg Capsule,Capsule,,,,
96d9dfad-c0f0-409d-b8d0-a0c8bebe2ee4,Ampicillin /Cloxacillin  250mg/5ml  SUSPENSION 100ml,Ampicillin /Cloxacillin  250mg/5ml  SUSPENSION 100ml,Suspension,,,,
42f9e3e4-079c-4454-b634-911940e23ace,Amphotericin B Injection50mg,Amphotericin B Injection50mg,Injection,,,,
276cf8b7-bb1a-42fe-a244-f578fcee9c32,Amoxycillin/Clavulanic Dispersible Tablet 228.5mg,Amoxycillin/Clavulanic Dispersible Tablet 228.5mg,Tablet,,,,
4866c0aa-2742-49c6-9e77-92692f758604,Amoxicillin/ Clavulanic acid 1g,Amoxicillin/ Clavulanic acid 1g,Tablet,,,,
63773666-a790-4d8e-9fe6-3e202edccaf6,Amoxicillin Capsule 500mg,Amoxicillin Capsule 500mg,Capsule,,,,
a46902fb-8bd6-49aa-8267-0633a102e450,Amoxicillin Capsule 250mg,Amoxicillin Capsule 250mg,Capsule,,,,
e44271fd-6f3d-4e83-9b8f-13163bce43e0,Amoxicillin 250mg DISPERSIBLE Tablet,Amoxicillin 250mg DISPERSIBLE Tablet,Tablet,,,,
02591cf9-27f9-44f1-94de-909334ce32a1,Amoxicillin 125mg/5ml SUSPENSION,Amoxicillin 125mg/5ml SUSPENSION,Suspension,,,,
20a75950-5c4c-45b7-b4fb-99912aff49b0,Amoxicillin 125mg DISPERSIBLE Tablet,Amoxicillin 125mg DISPERSIBLE Tablet,Tablet,,,,
bd95fdc0-93d0-4883-8438-e73cfdbfb8b2,Amoxicillin /Clavulanic acid 625mg Tablet,Amoxicillin /Clavulanic acid 625mg Tablet,Tablet,,,,
f0d59689-9498-4c7a-8405-0efe0677d182,Amoxicillin /Clavulanic acid 375mg Tablet,Amoxicillin /Clavulanic acid 375mg Tablet,Tablet,,,,
b08ec5dc-2f3c-4fe6-8d79-b2360d94abf8,Amoxicillin /Clavulanic acid 312.5mg/5ml suspension,Amoxicillin /Clavulanic acid 312.5mg/5ml suspension,Suspension,,,,
479f7c22-6bd7-4eb8-aa2a-dbdf1315d66f,Amoxicillin /Clavulanic acid 156.25 mg/5ml suspension,Amoxicillin /Clavulanic acid 156.25 mg/5ml suspension,Suspension,,,,
9c7c1bf9-783f-4f84-a9f1-98adb7c46979,Amlodipine Tablet 5mg,Amlodipine Tablet 5mg,Tablet,,,,
5b2b9e69-3521-4af9-9658-15f3de7128eb,AmiTRIPTYline Tablet 25mg,AmiTRIPTYline Tablet 25mg,Tablet,,,,
f4d2b769-3e38-485d-924a-3fa3ab777c80,"AmiNOPHYline Injection 25mg/mL, 10mL amp","AmiNOPHYline Injection 25mg/mL, 10mL amp",Injection,,,,
e88bf695-4b43-4766-bd48-e11bfdb17a69,Albendazole Tablet 400mg,Albendazole Tablet 400mg,Tablet,,,,
e09dab9b-9564-4984-9574-05e963b8ba8a,Acyclovir Tablet 400mg,Acyclovir Tablet 400mg,Tablet,,,,
ef2e0930-0290-4af1-8453-97c5faf13277,Acetylsalicylic acid Tablet 75mg-enteric coated,Acetylsalicylic acid Tablet 75mg-enteric coated,Tablet,,,,