Uuid,Fully specified name:en,Short name:en,Void/Retire,Description:en,Data class,Data type,Members,Answers,_version:1,_order:1000
b7ac6eff-e936-4b20-97a9-bb993e281a48,Parent/Gurdian Name,Parent/Gurdian Name,,,Misc,Text,,,,
2e334bd1-300d-4706-9d4e-a24862bb0f36,Relationship,Relationship,,,Misc,Text,,,,
27919a34-884e-44d7-9560-1505b676c867,Gurdian Sign,Gurdian Signed?,,,Misc,Boolean,,,,
9fc15c70-4bd1-49a1-adba-b700dd581e26,Gurdian Section,Gurdian,,,Misc,N/A,"Parent/Gurdian Name;
Relationship;
Gurdian Sign;",,,
0d77e54b-d09e-49fe-a25d-43d4ed866e50,Witness Name,Witness Name,,,Misc,Text,,,,
830164b1-ca51-4887-89a6-e3bedb062c97,Witness Sign,Witness Signed?,,,Misc,Boolean,,,,
05ac7a24-ed13-4b99-95fc-55f557617864,Witness Designation,Designation,,,Misc,Text,,,,
ee12b966-353c-401a-993d-b4f9aedbe0b0,Witness Section,Witness,,,Misc,N/A,"Witness Name;
Witness Sign;
Witness Designation;",,,
aa103c0a-a37e-48fb-bdbc-2192644f4ebe,Consent Date,Date,,,Misc,Date,,,,
4b9ae7fa-270f-4793-baa2-673664af9476,Doctors Sign,Doctors Sign,,,Misc,Text,,,,
438f0144-b26c-11ea-ba97-676a2c0c2db8,Consent Form,Consent Form,"","",Misc,N/A,"Gurdian Section;
Witness Section;
Consent Date;
Doctors Sign;","","",""